iteration,episode,ag1_iql_loss,ag2_iql_loss
0,0,0.00628,0.00787
1,50,0.00010,0.00014
2,100,0.00005,0.00010
